1	PASS	commit 409c4c3b6f0179ae9131ac2450998e59a7fb1132, remote https://github.com/lordwilsonDev/ico-collatz-verification.git, working tree clean
2	PASS	lean-toolchain=leanprover/lean4:v4.34.0; mathlib rev=5ed2965256430c3649e86755f9576b54eca72435; drift vs your control environment NOT compared (do that by hand)
3	PARTIAL	lake build succeeded, but against an existing .lake cache (not from-empty): reproducibility from a clean clone NOT shown
4	PASS	0 sorry, 0 admit (text scan; row 6 is the authoritative check)
5	PASS	0 native_decide
6	PASS	every declaration's axioms within {propext,Classical.choice,Quot.sound} (axioms.tsv). Classical.choice, if listed, means the proof is classical
7	NEEDS HUMAN	read the source claim (paper/spec) against each Lean statement side by side; write the comparison. Print statements: 'lake env lean' with #check / delaborated statements. MATCH/PARTIAL/MISMATCH/UNCLEAR is a human verdict (a model may draft, not certify).
8	PASS	no root-level .md file is older than HEAD (still: cite only what this audit re-checked)
9	UNRESOLVED	needs live web access: compare leanprover/lean4:v4.34.0 against release notes for kernel soundness fixes. Starting list: LESSONS.md D22 (lean4lean bugs-found). Marked UNRESOLVED, not skipped.
10	PASS	PASS 1/1 with upstream (unpatched); raw checker output in independent-check*/; still compare its axiom set with row 6
